x,z,p,acqf,penalty,pacqf
[ 0. -4.],[-2.53595118],-88.91057435865517,-82.5339,0.0,-82.5339
[-2.  4.],[0.29326977],-31.552651869685306,-263.2054,0.0,-263.2054
[4. 2.],[4.14020494],-93.14777066008914,-5.414262,0.0,-5.414262
[-4. -2.],[-4.72679893],-63.524459787082435,-117.07163,0.0,-117.07163
[2. 0.],[1.36279043],-101.99135512504593,-100.189415,0.0,-100.189415
[4.63612147 2.59404375],[5.],-88.4465255980978,-4.152552,0.0,-4.152552
