x,z,p,acqf,penalty,pacqf
[ 0. -4.],[-3.74100635],-88.91057435865517,-74.381546,0.0,-74.381546
[-2.  4.],[0.23244985],-31.552651869685306,-259.0679,0.0,-259.0679
[4. 2.],[3.2718143],-93.14777066008914,-40.714844,0.0,-40.714844
[-4. -2.],[-5.31392408],-63.524459787082435,-143.88966,0.0,-143.88966
[2. 0.],[0.44539184],-101.99135512504593,-252.67555,0.0,-252.67555
[4.63612147 2.59404375],[4.14217596],-88.4465255980978,-20.624016,0.0,-20.624016
[4.83086519 3.6455822 ],[5.],-97.97860335402697,-5.9124713,0.0,-5.9124713
