x,z,p,acqf,penalty,pacqf
[ 0. -4.],[-4.68628832],-88.91057435865517,-84.42341,0.0,-84.42341
[-2.  4.],[-0.29929723],-31.552651869685306,-278.75723,0.0,-278.75723
[4. 2.],[2.41233671],-93.14777066008914,-72.392204,0.0,-72.392204
[-4. -2.],[-6.01305618],-63.524459787082435,-159.29642,0.0,-159.29642
[2. 0.],[-0.41549366],-101.99135512504593,-269.921,0.0,-269.921
[4.63612147 2.59404375],[3.28140019],-88.4465255980978,-36.924664,0.0,-36.924664
[4.83086519 3.6455822 ],[4.17491339],-97.97860335402697,-5.722476,0.0,-5.722476
[5.00003939 4.23480483],[4.717169],-90.97763928762201,-0.94786876,-0.039577484,-0.039577484
