x,z,p,acqf,penalty,pacqf
[ 0. -4.],[-5.38685906],-88.91057435865517,-105.4784,0.0,-105.4784
[-2.  4.],[-0.75959805],-31.552651869685306,-310.90933,0.0,-310.90933
[4. 2.],[1.75160683],-93.14777066008914,-101.44395,0.0,-101.44395
[-4. -2.],[-6.56423844],-63.524459787082435,-181.08406,0.0,-181.08406
[2. 0.],[-1.0724903],-101.99135512504593,-275.81467,0.0,-275.81467
[4.63612147 2.59404375],[2.61848762],-88.4465255980978,-63.574104,0.0,-63.574104
[4.83086519 3.6455822 ],[3.53190366],-97.97860335402697,-30.13077,0.0,-30.13077
[5.00003939 4.23480483],[4.08377897],-90.97763928762201,-13.723007,0.0,-13.723007
[5.00102209 4.47967677],[4.266897],-94.40916631576756,-10.455717,-1.021862,-1.021862
