x,z,p,acqf,penalty,pacqf
[ 0. -4.],[-1.74234177],106556.40869646284,-281.5938,0.0,-281.5938
[-2.  4.],[-1.23719292],11616.04393571768,-226.9923,0.0,-226.9923
[4. 2.],[3.88056748],478.7238580865485,7.345072,0.0,7.345072
[-4. -2.],[-4.95317577],19272.197576911833,-21.002163,0.0,-21.002163
[2. 0.],[1.37062226],10687.955836197076,1.0787048,0.0,1.0787048
[4.99999628 1.94566809],[4.8176455],2877.005620605665,7.582826,0.0,7.582826
