x,z,p,acqf,penalty,pacqf
[ 0. -4.],[-2.59379637],106556.40869646284,-312.9508,0.0,-312.9508
[-2.  4.],[-2.23234023],11616.04393571768,-287.1554,0.0,-287.1554
[4. 2.],[2.94948027],478.7238580865485,6.9588327,0.0,6.9588327
[-4. -2.],[-5.85845886],19272.197576911833,-25.016582,0.0,-25.016582
[2. 0.],[0.46266872],10687.955836197076,-4.72711,0.0,-4.72711
[4.99999628 1.94566809],[3.89258052],2877.005620605665,6.240518,-30.592918,-30.592918
[3.81976134 1.48291601],[2.629428],1826.245108169986,7.040972,0.0,7.040972
