x,z,p,acqf,penalty,pacqf
[ 0. -4.],[-2.96590311],106556.40869646284,-353.24915,0.0,-353.24915
[-2.  4.],[-2.65092774],11616.04393571768,-330.61493,0.0,-330.61493
[4. 2.],[2.55126649],478.7238580865485,6.347458,0.0,6.347458
[-4. -2.],[-6.24775623],19272.197576911833,-28.129961,0.0,-28.129961
[2. 0.],[0.07209625],10687.955836197076,-8.658569,0.0,-8.658569
[4.99999628 1.94566809],[3.49625235],2877.005620605665,5.9815664,-42.687893,-42.687893
[3.81976134 1.48291601],[2.23372584],1826.245108169986,6.369732,0.0,6.369732
[3.93623253 1.47698016],[2.3438995],2140.237610677856,6.382481,0.0,6.382481
