x,z,p,acqf,penalty,pacqf
[ 0. -4.],[-3.25061719],106556.40869646284,-395.01675,0.0,-395.01675
[-2.  4.],[-2.96649988],11616.04393571768,-374.13467,0.0,-374.13467
[4. 2.],[2.2491264],478.7238580865485,5.7732177,0.0,5.7732177
[-4. -2.],[-6.54382325],19272.197576911833,-31.448748,0.0,-31.448748
[2. 0.],[-0.2249282],10687.955836197076,-11.928482,0.0,-11.928482
[4.99999628 1.94566809],[3.19534726],2877.005620605665,5.73298,-50.14324,-50.14324
[3.81976134 1.48291601],[1.93325852],1826.245108169986,5.7425723,0.0,5.7425723
[3.93623253 1.47698016],[2.0435746],2140.237610677856,5.7722583,0.0,5.7722583
[4.03812225 1.48051174],[2.142486],2382.361478133963,5.7808523,0.0,5.7808523
